-- Adminer 4.3.1 MySQL dump

SET NAMES utf8;
SET time_zone = '+00:00';
SET foreign_key_checks = 0;
SET sql_mode = 'NO_AUTO_VALUE_ON_ZERO';

CREATE DATABASE `bluegp` /*!40100 DEFAULT CHARACTER SET latin1 */;
USE `bluegp`;

DROP TABLE IF EXISTS `grouppass`;
CREATE TABLE `grouppass` (
  `id` int(11) NOT NULL AUTO_INCREMENT,
  `username` varchar(255) NOT NULL,
  `imagePass` int(11) NOT NULL,
  PRIMARY KEY (`id`),
  KEY `username` (`username`),
  KEY `imagePass` (`imagePass`),
  CONSTRAINT `grouppass_ibfk_1` FOREIGN KEY (`username`) REFERENCES `user` (`username`),
  CONSTRAINT `grouppass_ibfk_2` FOREIGN KEY (`imagePass`) REFERENCES `image` (`id_image`)
) ENGINE=InnoDB AUTO_INCREMENT=79 DEFAULT CHARSET=latin1;

INSERT INTO `grouppass` (`id`, `username`, `imagePass`) VALUES
(1,	'superuser',	164),
(2,	'superuser',	162),
(3,	'superuser',	165),
(4,	'superuser',	130),
(5,	'superuser',	187),
(6,	'superuser',	196),
(7,	'jovanko',	174),
(8,	'jovanko',	165),
(9,	'jovanko',	164),
(10,	'jovanko',	171),
(11,	'jovanko',	153),
(12,	'jovanko',	158),
(13,	'ellianto',	91),
(14,	'ellianto',	93),
(15,	'ellianto',	36),
(16,	'ellianto',	34),
(17,	'ellianto',	142),
(18,	'ellianto',	154),
(19,	'alex',	159),
(20,	'alex',	151),
(21,	'alex',	145),
(22,	'alex',	13),
(23,	'alex',	103),
(24,	'alex',	105),
(25,	'davy',	61),
(26,	'davy',	43),
(27,	'davy',	77),
(28,	'davy',	106),
(29,	'davy',	119),
(30,	'davy',	16),
(31,	'ian',	70),
(32,	'ian',	138),
(33,	'ian',	61),
(34,	'ian',	137),
(35,	'ian',	72),
(36,	'ian',	63),
(43,	'karissa',	90),
(44,	'karissa',	86),
(45,	'karissa',	98),
(46,	'karissa',	99),
(47,	'karissa',	112),
(48,	'karissa',	117),
(49,	'sk',	164),
(50,	'sk',	174),
(51,	'sk',	128),
(52,	'sk',	123),
(53,	'sk',	140),
(54,	'sk',	170),
(55,	'andrew',	129),
(56,	'andrew',	134),
(57,	'andrew',	125),
(58,	'andrew',	1),
(59,	'andrew',	128),
(60,	'andrew',	11),
(61,	'edo',	96),
(62,	'edo',	97),
(63,	'edo',	132),
(64,	'edo',	53),
(65,	'edo',	54),
(66,	'edo',	152),
(67,	'wilbert',	150),
(68,	'wilbert',	160),
(69,	'wilbert',	137),
(70,	'wilbert',	192),
(71,	'wilbert',	90),
(72,	'wilbert',	113),
(73,	'revisi',	113),
(74,	'revisi',	24),
(75,	'revisi',	156),
(76,	'revisi',	122),
(77,	'revisi',	10),
(78,	'revisi',	116);

DROP TABLE IF EXISTS `image`;
CREATE TABLE `image` (
  `id_image` int(11) NOT NULL AUTO_INCREMENT,
  `name_image` varchar(255) NOT NULL,
  PRIMARY KEY (`id_image`)
) ENGINE=InnoDB AUTO_INCREMENT=201 DEFAULT CHARSET=latin1;

INSERT INTO `image` (`id_image`, `name_image`) VALUES
(1,	'001.jpg'),
(2,	'002.jpg'),
(3,	'003.jpg'),
(4,	'004.jpg'),
(5,	'005.jpg'),
(6,	'006.jpg'),
(7,	'007.jpg'),
(8,	'008.jpg'),
(9,	'009.jpg'),
(10,	'010.jpg'),
(11,	'011.jpg'),
(12,	'012.jpg'),
(13,	'013.jpg'),
(14,	'014.jpg'),
(15,	'015.jpg'),
(16,	'016.jpg'),
(17,	'017.jpg'),
(18,	'018.jpg'),
(19,	'019.jpg'),
(20,	'020.jpg'),
(21,	'021.jpg'),
(22,	'022.jpg'),
(23,	'023.jpg'),
(24,	'024.jpg'),
(25,	'025.jpg'),
(26,	'026.jpg'),
(27,	'027.jpg'),
(28,	'028.jpg'),
(29,	'029.jpg'),
(30,	'030.jpg'),
(31,	'031.jpg'),
(32,	'032.jpg'),
(33,	'033.jpg'),
(34,	'034.jpg'),
(35,	'035.jpg'),
(36,	'036.jpg'),
(37,	'037.jpg'),
(38,	'038.jpg'),
(39,	'039.jpg'),
(40,	'040.jpg'),
(41,	'041.jpg'),
(42,	'042.jpg'),
(43,	'043.jpg'),
(44,	'044.jpg'),
(45,	'045.jpg'),
(46,	'046.jpg'),
(47,	'047.jpg'),
(48,	'048.jpg'),
(49,	'049.jpg'),
(50,	'050.jpg'),
(51,	'051.jpg'),
(52,	'052.jpg'),
(53,	'053.jpg'),
(54,	'054.jpg'),
(55,	'055.jpg'),
(56,	'056.jpg'),
(57,	'057.jpg'),
(58,	'058.jpg'),
(59,	'059.jpg'),
(60,	'060.jpg'),
(61,	'061.jpg'),
(62,	'062.jpg'),
(63,	'063.jpg'),
(64,	'064.jpg'),
(65,	'065.jpg'),
(66,	'066.jpg'),
(67,	'067.jpg'),
(68,	'068.jpg'),
(69,	'069.jpg'),
(70,	'070.jpg'),
(71,	'071.jpg'),
(72,	'072.jpg'),
(73,	'073.jpg'),
(74,	'074.jpg'),
(75,	'075.jpg'),
(76,	'076.jpg'),
(77,	'077.jpg'),
(78,	'078.jpg'),
(79,	'079.jpg'),
(80,	'080.jpg'),
(81,	'081.jpg'),
(82,	'082.jpg'),
(83,	'083.jpg'),
(84,	'084.jpg'),
(85,	'085.jpg'),
(86,	'086.jpg'),
(87,	'087.jpg'),
(88,	'088.jpg'),
(89,	'089.jpg'),
(90,	'090.jpg'),
(91,	'091.jpg'),
(92,	'092.jpg'),
(93,	'093.jpg'),
(94,	'094.jpg'),
(95,	'095.jpg'),
(96,	'096.jpg'),
(97,	'097.jpg'),
(98,	'098.jpg'),
(99,	'099.jpg'),
(100,	'100.jpg'),
(101,	'101.jpg'),
(102,	'102.jpg'),
(103,	'103.jpg'),
(104,	'104.jpg'),
(105,	'105.jpg'),
(106,	'106.jpg'),
(107,	'107.jpg'),
(108,	'108.jpg'),
(109,	'109.jpg'),
(110,	'110.jpg'),
(111,	'111.jpg'),
(112,	'112.jpg'),
(113,	'113.jpg'),
(114,	'114.jpg'),
(115,	'115.jpg'),
(116,	'116.jpg'),
(117,	'117.jpg'),
(118,	'118.jpg'),
(119,	'119.jpg'),
(120,	'120.jpg'),
(121,	'121.jpg'),
(122,	'122.jpg'),
(123,	'123.jpg'),
(124,	'124.jpg'),
(125,	'125.jpg'),
(126,	'126.jpg'),
(127,	'127.jpg'),
(128,	'128.jpg'),
(129,	'129.jpg'),
(130,	'130.jpg'),
(131,	'131.jpg'),
(132,	'132.jpg'),
(133,	'133.jpg'),
(134,	'134.jpg'),
(135,	'135.jpg'),
(136,	'136.jpg'),
(137,	'137.jpg'),
(138,	'138.jpg'),
(139,	'139.jpg'),
(140,	'140.jpg'),
(141,	'141.jpg'),
(142,	'142.jpg'),
(143,	'143.jpg'),
(144,	'144.jpg'),
(145,	'145.jpg'),
(146,	'146.jpg'),
(147,	'147.jpg'),
(148,	'148.jpg'),
(149,	'149.jpg'),
(150,	'150.jpg'),
(151,	'151.jpg'),
(152,	'152.jpg'),
(153,	'153.jpg'),
(154,	'154.jpg'),
(155,	'155.jpg'),
(156,	'156.jpg'),
(157,	'157.jpg'),
(158,	'158.jpg'),
(159,	'159.jpg'),
(160,	'160.jpg'),
(161,	'161.jpg'),
(162,	'162.jpg'),
(163,	'163.jpg'),
(164,	'164.jpg'),
(165,	'165.jpg'),
(166,	'166.jpg'),
(167,	'167.jpg'),
(168,	'168.jpg'),
(169,	'169.jpg'),
(170,	'170.jpg'),
(171,	'171.jpg'),
(172,	'172.jpg'),
(173,	'173.jpg'),
(174,	'174.jpg'),
(175,	'175.jpg'),
(176,	'176.jpg'),
(177,	'177.jpg'),
(178,	'178.jpg'),
(179,	'179.jpg'),
(180,	'180.jpg'),
(181,	'181.jpg'),
(182,	'182.jpg'),
(183,	'183.jpg'),
(184,	'184.jpg'),
(185,	'185.jpg'),
(186,	'186.jpg'),
(187,	'187.jpg'),
(188,	'188.jpg'),
(189,	'189.jpg'),
(190,	'190.jpg'),
(191,	'191.jpg'),
(192,	'192.jpg'),
(193,	'193.jpg'),
(194,	'194.jpg'),
(195,	'195.jpg'),
(196,	'196.jpg'),
(197,	'197.jpg'),
(198,	'198.jpg'),
(199,	'199.jpg'),
(200,	'200.jpg');

DROP TABLE IF EXISTS `testlogin`;
CREATE TABLE `testlogin` (
  `id_testLogin` int(11) NOT NULL AUTO_INCREMENT,
  `method` varchar(50) NOT NULL,
  `username` varchar(255) NOT NULL,
  `date` date NOT NULL,
  `time` int(11) NOT NULL,
  `status` varchar(255) NOT NULL,
  PRIMARY KEY (`id_testLogin`)
) ENGINE=InnoDB AUTO_INCREMENT=188 DEFAULT CHARSET=latin1;

INSERT INTO `testlogin` (`id_testLogin`, `method`, `username`, `date`, `time`, `status`) VALUES
(6,	'Direct',	'jovanko',	'2019-03-20',	30,	'success'),
(7,	'Pointer',	'jovanko',	'2019-03-20',	42,	'success'),
(8,	'Direct',	'ellianto',	'2019-03-20',	49,	'success'),
(9,	'Pointer',	'ellianto',	'2019-03-20',	81,	'success'),
(10,	'Direct',	'alex',	'2019-03-20',	35,	'success'),
(12,	'Pointer',	'alex',	'2019-03-20',	53,	'success'),
(15,	'Direct',	'davy',	'2019-03-20',	21,	'success'),
(16,	'Pointer',	'davy',	'2019-03-20',	43,	'success'),
(17,	'Direct',	'ian',	'2019-03-20',	41,	'failure'),
(18,	'Direct',	'ian',	'2019-03-20',	64,	'success'),
(19,	'Pointer',	'ian',	'2019-03-20',	65,	'success'),
(20,	'Direct',	'ian',	'2019-03-20',	30,	'success'),
(21,	'Pointer',	'ian',	'2019-03-20',	67,	'success'),
(22,	'Direct',	'karissa',	'2019-03-20',	153,	'failure'),
(23,	'Direct',	'karissa',	'2019-03-20',	62,	'success'),
(24,	'Pointer',	'karissa',	'2019-03-20',	135,	'success'),
(25,	'Direct',	'karissa',	'2019-03-20',	20,	'success'),
(26,	'Pointer',	'karissa',	'2019-03-20',	38,	'success'),
(27,	'Direct',	'sk',	'2019-03-20',	82,	'failure'),
(28,	'Direct',	'sk',	'2019-03-20',	48,	'failure'),
(29,	'Direct',	'sk',	'2019-03-20',	103,	'success'),
(30,	'Direct',	'sk',	'2019-03-20',	24,	'success'),
(31,	'Pointer',	'sk',	'2019-03-20',	86,	'failure'),
(32,	'Pointer',	'sk',	'2019-03-20',	75,	'success'),
(33,	'Pointer',	'sk',	'2019-03-20',	45,	'success'),
(34,	'Direct',	'sk',	'2019-03-20',	16,	'failure'),
(35,	'Direct',	'sk',	'2019-03-20',	19,	'success'),
(36,	'Pointer',	'sk',	'2019-03-20',	141,	'failure'),
(37,	'Pointer',	'sk',	'2019-03-20',	117,	'success'),
(38,	'Pointer',	'sk',	'2019-03-20',	158,	'success'),
(39,	'Pointer',	'sk',	'2019-03-20',	40,	'failure'),
(40,	'Pointer',	'sk',	'2019-03-20',	100,	'success'),
(41,	'Pointer',	'sk',	'2019-03-20',	22,	'success'),
(42,	'Direct',	'sk',	'2019-03-20',	30,	'success'),
(43,	'Pointer',	'sk',	'2019-03-20',	25,	'success'),
(44,	'Direct',	'sk',	'2019-03-20',	180,	'success'),
(45,	'Direct',	'sk',	'2019-03-20',	71,	'success'),
(46,	'Pointer',	'sk',	'2019-03-20',	30,	'success'),
(47,	'Pointer',	'sk',	'2019-03-20',	67,	'success'),
(48,	'Direct',	'sk',	'2019-03-20',	25,	'failure'),
(49,	'Direct',	'sk',	'2019-03-20',	22,	'failure'),
(50,	'Direct',	'ian',	'2019-03-20',	12,	'failure'),
(51,	'Direct',	'ian',	'2019-03-20',	53,	'failure'),
(52,	'Direct',	'ian',	'2019-03-20',	29,	'success'),
(53,	'Direct',	'ian',	'2019-03-20',	40,	'success'),
(54,	'Pointer',	'ian',	'2019-03-20',	13,	'success'),
(55,	'Pointer',	'ian',	'2019-03-20',	31,	'success'),
(56,	'Pointer',	'ian',	'2019-03-20',	13,	'failure'),
(57,	'Pointer',	'ian',	'2019-03-20',	43,	'success'),
(58,	'Direct',	'davy',	'2019-03-20',	23,	'success'),
(59,	'Direct',	'davy',	'2019-03-20',	22,	'success'),
(60,	'Pointer',	'davy',	'2019-03-20',	36,	'failure'),
(61,	'Pointer',	'davy',	'2019-03-20',	71,	'failure'),
(62,	'Pointer',	'davy',	'2019-03-20',	20,	'failure'),
(63,	'Pointer',	'davy',	'2019-03-20',	38,	'success'),
(64,	'Pointer',	'davy',	'2019-03-20',	93,	'success'),
(71,	'Direct',	'karissa',	'2019-03-20',	79,	'success'),
(72,	'Direct',	'karissa',	'2019-03-20',	16,	'failure'),
(73,	'Direct',	'karissa',	'2019-03-20',	14,	'success'),
(74,	'Pointer',	'karissa',	'2019-03-20',	102,	'success'),
(75,	'Pointer',	'karissa',	'2019-03-20',	84,	'success'),
(76,	'Direct',	'superuser',	'2019-03-21',	20,	'success'),
(77,	'Direct',	'andrew',	'2019-03-21',	78,	'success'),
(78,	'Direct',	'andrew',	'2019-03-21',	29,	'success'),
(79,	'Pointer',	'andrew',	'2019-03-21',	40,	'failure'),
(80,	'Pointer',	'andrew',	'2019-03-21',	77,	'success'),
(81,	'Direct',	'ellianto',	'2019-03-21',	78,	'failure'),
(82,	'Direct',	'ellianto',	'2019-03-21',	120,	'failure'),
(83,	'Direct',	'ellianto',	'2019-03-21',	60,	'success'),
(84,	'Direct',	'ellianto',	'2019-03-21',	76,	'success'),
(85,	'Pointer',	'ellianto',	'2019-03-21',	96,	'success'),
(86,	'Pointer',	'ellianto',	'2019-03-21',	159,	'success'),
(87,	'Pointer',	'andrew',	'2019-03-21',	92,	'success'),
(88,	'Pointer',	'andrew',	'2019-03-21',	96,	'success'),
(89,	'Direct',	'andrew',	'2019-03-21',	88,	'success'),
(90,	'Direct',	'andrew',	'2019-03-21',	57,	'failure'),
(91,	'Direct',	'andrew',	'2019-03-21',	44,	'failure'),
(92,	'Direct',	'andrew',	'2019-03-21',	39,	'success'),
(93,	'Direct',	'wilbert',	'2019-03-21',	36,	'failure'),
(94,	'Direct',	'wilbert',	'2019-03-21',	67,	'failure'),
(95,	'Direct',	'wilbert',	'2019-03-21',	90,	'success'),
(96,	'Direct',	'wilbert',	'2019-03-21',	42,	'success'),
(97,	'Pointer',	'wilbert',	'2019-03-21',	38,	'success'),
(98,	'Pointer',	'wilbert',	'2019-03-21',	51,	'success'),
(99,	'Direct',	'edo',	'2019-03-21',	133,	'success'),
(100,	'Direct',	'edo',	'2019-03-21',	110,	'success'),
(101,	'Pointer',	'edo',	'2019-03-21',	64,	'success'),
(102,	'Pointer',	'edo',	'2019-03-21',	53,	'failure'),
(103,	'Pointer',	'edo',	'2019-03-21',	62,	'success'),
(104,	'Pointer',	'edo',	'2019-03-21',	89,	'failure'),
(105,	'Pointer',	'edo',	'2019-03-21',	56,	'success'),
(106,	'Pointer',	'edo',	'2019-03-21',	273,	'failure'),
(107,	'Pointer',	'edo',	'2019-03-21',	82,	'failure'),
(108,	'Pointer',	'edo',	'2019-03-21',	53,	'failure'),
(109,	'Pointer',	'edo',	'2019-03-21',	224,	'success'),
(110,	'Pointer',	'edo',	'2019-03-21',	209,	'success'),
(111,	'Direct',	'edo',	'2019-03-21',	123,	'failure'),
(112,	'Direct',	'edo',	'2019-03-21',	54,	'success'),
(113,	'Direct',	'edo',	'2019-03-21',	152,	'success'),
(114,	'Pointer',	'alex',	'2019-03-21',	55,	'success'),
(115,	'Pointer',	'alex',	'2019-03-21',	75,	'success'),
(116,	'Direct',	'alex',	'2019-03-21',	158,	'failure'),
(117,	'Direct',	'alex',	'2019-03-21',	87,	'failure'),
(118,	'Direct',	'alex',	'2019-03-21',	32,	'success'),
(119,	'Direct',	'alex',	'2019-03-21',	81,	'success'),
(120,	'Pointer',	'wilbert',	'2019-03-21',	74,	'success'),
(121,	'Pointer',	'wilbert',	'2019-03-21',	119,	'failure'),
(122,	'Pointer',	'wilbert',	'2019-03-21',	134,	'success'),
(123,	'Direct',	'wilbert',	'2019-03-21',	116,	'success'),
(124,	'Direct',	'wilbert',	'2019-03-21',	98,	'failure'),
(125,	'Direct',	'wilbert',	'2019-03-21',	46,	'success'),
(126,	'Pointer',	'jovanko',	'2019-03-21',	47,	'success'),
(127,	'Pointer',	'jovanko',	'2019-03-21',	34,	'success'),
(128,	'Direct',	'jovanko',	'2019-03-21',	69,	'success'),
(129,	'Direct',	'jovanko',	'2019-03-21',	30,	'success'),
(130,	'Pointer',	'andrew',	'2019-03-21',	61,	'failure'),
(131,	'Pointer',	'andrew',	'2019-03-21',	41,	'success'),
(132,	'Pointer',	'andrew',	'2019-03-21',	31,	'success'),
(133,	'Direct',	'andrew',	'2019-03-21',	85,	'success'),
(134,	'Direct',	'andrew',	'2019-03-21',	53,	'success'),
(135,	'Direct',	'superuser',	'2019-03-24',	24,	'failure'),
(136,	'Direct',	'superuser',	'2019-03-24',	39,	'success'),
(137,	'Direct',	'superuser',	'2019-03-24',	49,	'failure'),
(138,	'Direct',	'superuser',	'2019-03-24',	10,	'success'),
(139,	'Direct',	'superuser',	'2019-03-24',	28,	'failure'),
(140,	'Direct',	'superuser',	'2019-03-24',	14,	'success'),
(141,	'Direct',	'superuser',	'2019-03-24',	13,	'success'),
(142,	'Direct',	'superuser',	'2019-03-24',	25,	'failure'),
(143,	'Direct',	'superuser',	'2019-03-24',	71,	'success'),
(144,	'Direct',	'superuser',	'2019-03-24',	2,	'failure'),
(145,	'Direct',	'superuser',	'2019-03-24',	92,	'failure'),
(146,	'Direct',	'superuser',	'2019-03-24',	106,	'failure'),
(147,	'Direct',	'superuser',	'2019-03-24',	116,	'failure'),
(148,	'Direct',	'andrew',	'2019-03-26',	24,	'success'),
(149,	'Direct',	'andrew',	'2019-03-26',	46,	'success'),
(150,	'Direct',	'andrew',	'2019-03-26',	27,	'success'),
(151,	'Direct',	'edo',	'2019-03-26',	227,	'success'),
(152,	'Direct',	'edo',	'2019-03-26',	41,	'success'),
(153,	'Direct',	'edo',	'2019-03-26',	100,	'failure'),
(154,	'Direct',	'karissa',	'2019-03-26',	44,	'failure'),
(155,	'Direct',	'karissa',	'2019-03-26',	31,	'success'),
(156,	'Direct',	'karissa',	'2019-03-26',	68,	'success'),
(157,	'Direct',	'ian',	'2019-03-26',	10,	'success'),
(158,	'Direct',	'ian',	'2019-03-26',	19,	'failure'),
(159,	'Direct',	'ian',	'2019-03-26',	11,	'success'),
(160,	'Direct',	'sk',	'2019-03-26',	39,	'success'),
(161,	'Direct',	'sk',	'2019-03-26',	20,	'success'),
(162,	'Direct',	'sk',	'2019-03-26',	36,	'failure'),
(163,	'Direct',	'ellianto',	'2019-03-26',	68,	'success'),
(164,	'Direct',	'ellianto',	'2019-03-26',	29,	'success'),
(165,	'Direct',	'ellianto',	'2019-03-26',	53,	'failure'),
(166,	'Direct',	'jovanko',	'2019-03-26',	28,	'success'),
(167,	'Direct',	'jovanko',	'2019-03-26',	13,	'success'),
(168,	'Direct',	'jovanko',	'2019-03-26',	16,	'success'),
(169,	'Direct',	'wilbert',	'2019-03-26',	49,	'success'),
(170,	'Direct',	'wilbert',	'2019-03-26',	36,	'success'),
(171,	'Direct',	'wilbert',	'2019-03-26',	117,	'success'),
(172,	'Direct',	'alex',	'2019-03-27',	128,	'success'),
(173,	'Direct',	'alex',	'2019-03-27',	127,	'failure'),
(174,	'Direct',	'alex',	'2019-03-27',	55,	'success'),
(175,	'Direct',	'davy',	'2019-03-27',	31,	'failure'),
(176,	'Direct',	'davy',	'2019-03-27',	42,	'success'),
(177,	'Direct',	'davy',	'2019-03-27',	37,	'success'),
(178,	'Direct',	'superuser',	'2019-04-15',	16,	'success'),
(179,	'Pointer',	'superuser',	'2019-04-16',	31,	'success'),
(180,	'Pointer',	'superuser',	'2019-04-16',	29,	'success'),
(181,	'Pointer',	'superuser',	'2019-04-16',	38,	'success'),
(182,	'Direct',	'superuser',	'2019-04-16',	16,	'success'),
(183,	'Direct',	'superuser',	'2019-04-17',	14,	'success'),
(184,	'Direct',	'superuser',	'2019-04-17',	12,	'success'),
(185,	'Pointer',	'superuser',	'2019-04-17',	29,	'success'),
(187,	'Pointer',	'superuser',	'2019-04-17',	13,	'success');

DROP TABLE IF EXISTS `testregister`;
CREATE TABLE `testregister` (
  `id_testRegister` int(11) NOT NULL AUTO_INCREMENT,
  `username` varchar(255) NOT NULL,
  `date` date NOT NULL,
  `time` int(11) NOT NULL,
  PRIMARY KEY (`id_testRegister`)
) ENGINE=InnoDB AUTO_INCREMENT=13 DEFAULT CHARSET=latin1;

INSERT INTO `testregister` (`id_testRegister`, `username`, `date`, `time`) VALUES
(1,	'jovanko',	'2019-03-20',	116),
(2,	'ellianto',	'2019-03-20',	107),
(3,	'alex',	'2019-03-20',	102),
(4,	'davy',	'2019-03-20',	71),
(5,	'ian',	'2019-03-20',	16),
(7,	'karissa',	'2019-03-20',	41),
(8,	'sk',	'2019-03-20',	24),
(9,	'andrew',	'2019-03-21',	36),
(10,	'edo',	'2019-03-21',	20),
(11,	'wilbert',	'2019-03-21',	54),
(12,	'revisi',	'2019-04-17',	17);

DROP TABLE IF EXISTS `user`;
CREATE TABLE `user` (
  `username` varchar(255) NOT NULL,
  PRIMARY KEY (`username`)
) ENGINE=InnoDB DEFAULT CHARSET=latin1;

INSERT INTO `user` (`username`) VALUES
('alex'),
('andrew'),
('davy'),
('edo'),
('ellianto'),
('ian'),
('jovanko'),
('karissa'),
('revisi'),
('sk'),
('superuser'),
('wilbert');

-- 2019-04-23 16:36:17
